booking_id,passenger_id,flight_id,seat_number,ticket_price,booking_date
5001,1259,535,152,14666,2024-02-11
5002,1292,286,63,5831,2024-06-28
5003,1143,934,81,12110,2024-04-25
5004,1747,1075,8,9344,2024-01-04
5005,1627,624,173,7171,2024-01-04
5006,1090,813,27,2078,2024-01-05
5007,1720,938,52,6929,2024-02-10
5008,2188,564,146,5647,2024-04-17
5009,1481,260,91,3031,2024-03-27
5010,1084,682,86,9381,2024-04-13
5011,2101,450,16,4072,2024-04-26
5012,1673,760,66,14737,2024-04-10
5013,1517,317,5,8911,2024-03-15
5014,1485,939,82,8088,2024-03-15
5015,1782,1074,131,3484,2024-01-13
5016,1104,1115,118,12437,2024-05-21
5017,1339,1168,81,7838,2024-01-25
5018,1687,1199,70,3550,2024-04-24
5019,1900,745,115,14977,2024-06-20
5020,1607,244,7,7497,2024-03-22
5021,1223,709,50,6682,2024-01-10
5022,2033,1188,142,3829,2024-02-19
5023,2077,365,166,5751,2024-06-20
5024,2101,568,111,8081,2024-05-21
5025,1503,1057,47,14914,2024-01-15
5026,1822,492,112,12223,2024-01-16
5027,1624,1049,161,8601,2024-01-02
5028,1165,1056,43,6459,2024-06-06
5029,2051,1117,91,5856,2024-01-30
5030,2094,1098,29,12374,2024-03-22
5031,2148,999,128,14661,2024-01-31
5032,1019,1076,133,8182,2024-03-17
5033,2046,937,96,8083,2024-05-27
5034,1989,486,117,9970,2024-06-25
5035,1450,404,70,4094,2024-04-23
5036,1552,884,130,14095,2024-02-04
5037,2072,724,70,8238,2024-01-23
5038,1695,1019,110,5032,2024-04-15
5039,1587,321,171,3548,2024-04-06
5040,1721,1145,132,10559,2024-04-24
5041,1107,956,56,2064,2024-04-09
5042,1776,864,89,5299,2024-02-24
5043,2110,864,137,6849,2024-01-08
5044,2161,388,131,7639,2024-06-16
5045,1898,1107,176,4035,2024-02-28
5046,1336,213,171,13055,2024-05-07
5047,1607,803,100,12068,2024-02-01
5048,1838,400,129,7674,2024-04-02
5049,1602,786,57,4228,2024-01-07
5050,1403,968,144,7620,2024-01-02
5051,1540,656,51,2596,2024-03-25
5052,2096,648,112,5606,2024-05-13
5053,1024,988,104,12866,2024-04-15
5054,1624,1040,127,5889,2024-02-05
5055,2080,1041,55,5506,2024-06-08
5056,1986,271,1,12026,2024-02-14
5057,1223,790,90,3395,2024-02-11
5058,1179,996,156,11778,2024-02-22
5059,1800,330,53,9529,2024-04-19
5060,1434,1089,73,10303,2024-01-09
5061,1793,243,108,2452,2024-03-27
5062,1884,720,150,12995,2024-04-23
5063,1492,213,8,9336,2024-03-15
5064,1810,925,177,4631,2024-06-25
5065,1961,823,42,4186,2024-05-09
5066,1420,1188,155,7967,2024-01-11
5067,1649,1003,167,8374,2024-02-19
5068,2188,735,25,7358,2024-06-11
5069,1476,502,38,6348,2024-05-01
5070,1170,966,85,12196,2024-05-22
5071,1174,727,152,3459,2024-03-15
5072,1470,842,24,3942,2024-01-31
5073,1345,773,60,13685,2024-04-01
5074,1445,315,178,7422,2024-06-04
5075,2042,660,111,12049,2024-06-01
5076,2094,1032,66,7196,2024-04-01
5077,1628,705,142,2061,2024-06-01
5078,1592,508,53,3494,2024-03-15
5079,1527,1132,160,3180,2024-04-01
5080,1456,1163,106,8268,2024-05-08
5081,1811,525,96,4788,2024-02-11
5082,1188,779,176,12067,2024-04-19
5083,2021,961,39,12400,2024-06-10
5084,1711,375,168,6636,2024-01-18
5085,1529,1051,42,6721,2024-03-17
5086,1434,714,111,7710,2024-05-12
5087,1288,372,104,9702,2024-01-20
5088,1499,1197,77,2105,2024-05-06
5089,1303,1160,8,11346,2024-03-15
5090,1087,702,26,13620,2024-03-02
5091,1830,1177,140,6087,2024-02-01
5092,1438,534,43,11900,2024-06-26
5093,1541,484,179,13015,2024-06-14
5094,2046,675,110,5925,2024-01-28
5095,1833,254,100,3908,2024-03-14
5096,1797,658,63,4049,2024-03-21
5097,1560,779,49,14656,2024-01-22
5098,1762,620,115,11466,2024-06-19
5099,1467,814,155,11137,2024-06-12
5100,2125,832,137,10172,2024-04-05
5101,1675,903,167,5904,2024-05-01
5102,1685,609,65,12419,2024-05-02
5103,2165,1182,71,5796,2024-02-21
5104,1138,504,7,2292,2024-06-12
5105,1578,1135,80,14871,2024-06-04
5106,1710,759,67,12414,2024-03-18
5107,1228,422,138,8266,2024-06-12
5108,1281,733,101,8370,2024-03-10
5109,1684,358,95,14165,2024-05-16
5110,1828,548,87,12683,2024-01-21
5111,1431,359,91,12667,2024-03-04
5112,2064,1089,103,6860,2024-03-16
5113,1302,1084,126,5729,2024-03-01
5114,2110,1122,155,9962,2024-04-04
5115,1533,435,113,7510,2024-02-09
5116,1769,862,4,10619,2024-01-04
5117,1444,605,88,8761,2024-01-31
5118,2057,457,151,13164,2024-06-03
5119,1260,877,176,8110,2024-06-01
5120,1739,789,170,8955,2024-03-09
5121,1796,797,3,2106,2024-03-10
5122,1070,758,91,13811,2024-01-05
5123,1983,1105,3,6754,2024-04-24
5124,1481,1113,156,13525,2024-03-31
5125,2168,247,81,14184,2024-01-08
5126,1024,413,159,7278,2024-01-09
5127,1965,679,138,8408,2024-01-15
5128,1746,687,177,9635,2024-04-14
5129,1845,771,94,3225,2024-01-07
5130,2199,766,126,14196,2024-03-12
5131,1325,542,113,6250,2024-04-24
5132,1798,724,149,13560,2024-01-15
5133,1018,904,100,2895,2024-06-13
5134,1044,703,53,14097,2024-03-23
5135,1155,206,87,3620,2024-02-08
5136,1867,1021,89,7088,2024-05-13
5137,1922,344,54,14055,2024-02-26
5138,1743,1058,20,12484,2024-04-01
5139,1225,461,113,7419,2024-03-21
5140,1217,785,49,3385,2024-05-26
5141,1031,886,135,14091,2024-05-06
5142,2083,432,29,13784,2024-06-07
5143,1898,470,48,4433,2024-03-15
5144,1935,1140,13,12998,2024-03-19
5145,1445,647,3,13575,2024-01-10
5146,2131,1074,2,3301,2024-04-16
5147,1530,422,16,8858,2024-03-27
5148,1738,252,94,10950,2024-03-07
5149,1874,316,102,10938,2024-03-02
5150,1566,738,134,10784,2024-05-10
5151,1076,765,45,7644,2024-05-25
5152,1547,1077,71,13078,2024-06-01
5153,1267,741,133,14303,2024-04-16
5154,1317,219,56,7088,2024-05-27
5155,2145,1015,127,11260,2024-04-02
5156,1025,592,32,7440,2024-03-26
5157,1160,991,49,9493,2024-06-26
5158,1596,829,13,8291,2024-04-30
5159,2138,818,158,5307,2024-03-19
5160,1900,619,25,10894,2024-01-10
5161,1502,1191,60,6708,2024-05-28
5162,2190,509,59,2104,2024-01-29
5163,2013,939,156,11689,2024-04-05
5164,1703,1064,58,5833,2024-01-10
5165,2199,386,20,2395,2024-01-13
5166,1001,461,162,5517,2024-02-16
5167,1741,728,133,12845,2024-05-30
5168,2110,473,171,5291,2024-02-19
5169,1320,360,57,4010,2024-05-11
5170,1382,1070,54,14073,2024-04-25
5171,1898,962,112,12180,2024-04-22
5172,1717,424,173,6537,2024-03-25
5173,1307,456,86,11860,2024-02-22
5174,2168,380,37,6968,2024-05-09
5175,1391,220,84,6762,2024-03-08
5176,2193,824,48,3051,2024-03-19
5177,1990,832,118,4841,2024-02-26
5178,1298,906,48,8618,2024-04-06
5179,1233,668,112,6723,2024-05-14
5180,1271,823,110,9472,2024-05-26
5181,2084,410,6,9913,2024-06-20
5182,1677,713,162,7524,2024-03-03
5183,1706,258,78,5584,2024-03-05
5184,1234,293,176,10539,2024-02-08
5185,1845,421,23,3263,2024-04-18
5186,1491,923,126,6665,2024-01-26
5187,1503,1140,84,10014,2024-06-20
5188,1890,432,13,12934,2024-01-12
5189,1592,974,47,12265,2024-05-29
5190,1746,564,44,13340,2024-03-17
5191,1428,815,105,3351,2024-05-21
5192,1697,762,160,8980,2024-03-26
5193,1646,574,154,13013,2024-01-30
5194,1732,822,14,9190,2024-06-20
5195,1800,656,121,5827,2024-06-14
5196,1364,288,36,10861,2024-06-18
5197,1202,220,8,4646,2024-02-21
5198,1882,214,168,2266,2024-03-03
5199,1146,333,150,11630,2024-04-29
5200,1836,1137,16,12885,2024-04-14
5201,1639,1008,91,9434,2024-06-10
5202,1135,234,120,3022,2024-02-08
5203,1626,1092,60,9947,2024-02-10
5204,1064,408,10,4037,2024-04-30
5205,1491,1013,153,10756,2024-04-17
5206,1041,399,31,9778,2024-06-13
5207,2027,792,21,3059,2024-03-05
5208,1913,783,81,3424,2024-04-27
5209,1975,355,33,6123,2024-03-19
5210,2134,790,31,2219,2024-06-08
5211,1368,278,149,2405,2024-01-08
5212,1918,372,36,11829,2024-04-06
5213,2028,489,132,4318,2024-01-18
5214,1244,745,68,11951,2024-06-21
5215,1902,1012,90,11866,2024-04-05
5216,1166,988,132,10983,2024-02-02
5217,2050,1079,9,13774,2024-01-05
5218,2041,620,30,7058,2024-05-06
5219,1728,207,115,3309,2024-03-14
5220,2116,360,45,9621,2024-05-05
5221,1483,440,4,14025,2024-06-12
5222,1543,1163,69,6929,2024-05-30
5223,1931,623,23,14604,2024-06-16
5224,1400,1189,16,11522,2024-01-05
5225,1619,736,22,14638,2024-02-03
5226,2170,926,72,10702,2024-01-24
5227,1879,270,48,12764,2024-05-24
5228,1101,1080,107,14121,2024-04-04
5229,1880,416,133,10683,2024-03-11
5230,1830,304,7,3617,2024-04-01
5231,1759,927,51,12248,2024-05-04
5232,1163,254,65,3520,2024-01-22
5233,2197,1006,9,9892,2024-01-15
5234,1502,530,82,3583,2024-04-10
5235,1547,1048,45,8704,2024-01-15
5236,1381,403,122,9988,2024-06-01
5237,1870,488,175,8583,2024-02-22
5238,1905,245,152,3575,2024-05-28
5239,2187,1029,10,14138,2024-04-11
5240,2002,398,73,8935,2024-04-22
5241,1609,416,48,11953,2024-02-01
5242,1307,681,163,12183,2024-01-21
5243,1055,509,87,13371,2024-06-20
5244,1983,1096,111,13518,2024-03-23
5245,1333,635,16,8176,2024-01-14
5246,1127,532,53,11238,2024-01-15
5247,1705,896,40,13084,2024-05-27
5248,1243,227,100,4613,2024-02-03
5249,1600,366,20,5892,2024-06-12
5250,1503,518,69,14336,2024-03-23
5251,1604,474,45,10653,2024-01-09
5252,1303,583,6,8733,2024-06-06
5253,1235,565,177,6431,2024-03-17
5254,2062,303,39,10112,2024-06-11
5255,1139,1160,102,3381,2024-05-20
5256,1195,703,130,11337,2024-06-22
5257,1647,1045,107,5515,2024-01-09
5258,1001,573,39,6454,2024-02-05
5259,1561,816,118,9769,2024-04-26
5260,2120,1126,149,8489,2024-01-03
5261,1713,445,168,10384,2024-01-19
5262,1413,1017,82,5534,2024-06-04
5263,1538,369,54,2755,2024-01-23
5264,1429,828,110,11876,2024-04-13
5265,1235,853,12,4525,2024-05-14
5266,1349,618,165,2827,2024-04-14
5267,1396,556,110,11081,2024-05-21
5268,1416,678,38,6748,2024-02-15
5269,1916,325,143,12647,2024-05-22
5270,2075,737,7,4333,2024-01-15
5271,1081,906,78,6946,2024-02-20
5272,1036,1096,178,10302,2024-04-19
5273,2091,812,65,14907,2024-01-08
5274,1641,602,102,10046,2024-03-09
5275,1882,717,101,10984,2024-06-27
5276,1757,731,44,9181,2024-03-03
5277,1623,882,31,14875,2024-03-08
5278,1468,986,171,12835,2024-05-23
5279,2166,454,77,5414,2024-05-31
5280,1356,321,48,11501,2024-01-06
5281,1709,232,82,8457,2024-04-28
5282,2020,861,127,8749,2024-02-26
5283,1902,978,84,2296,2024-01-31
5284,1673,237,10,11821,2024-01-06
5285,1439,889,29,2568,2024-06-05
5286,1531,542,48,7283,2024-03-07
5287,1127,213,116,9664,2024-05-10
5288,1205,383,13,14897,2024-06-04
5289,1029,857,172,14303,2024-03-14
5290,1445,465,47,9511,2024-04-23
5291,1966,288,103,7465,2024-04-06
5292,1464,1140,91,10263,2024-06-24
5293,1151,662,53,14557,2024-03-20
5294,1240,246,92,6382,2024-05-02
5295,1266,592,77,2065,2024-05-17
5296,2129,319,44,2879,2024-02-02
5297,1913,1133,156,10259,2024-05-19
5298,1497,731,2,11408,2024-02-13
5299,1685,647,101,9222,2024-01-13
5300,1158,932,57,13219,2024-05-31
5301,1172,1142,57,7069,2024-06-20
5302,1494,945,34,5239,2024-02-26
5303,1970,806,58,13672,2024-04-05
5304,1676,1167,157,2507,2024-05-23
5305,1659,963,35,9704,2024-04-18
5306,1903,962,75,13906,2024-04-29
5307,1666,994,176,13076,2024-04-09
5308,1367,944,33,3125,2024-05-28
5309,1550,246,115,2885,2024-04-20
5310,1643,1086,75,4841,2024-02-20
5311,1255,708,73,9975,2024-01-21
5312,1208,758,78,14069,2024-02-29
5313,1450,1171,9,8565,2024-06-27
5314,1095,726,48,8083,2024-01-21
5315,1839,797,67,6870,2024-04-16
5316,1478,1031,164,4525,2024-05-05
5317,1683,1040,119,11117,2024-05-13
5318,1762,203,172,6215,2024-03-13
5319,1190,228,133,3938,2024-03-16
5320,1711,581,119,14006,2024-03-18
5321,1756,357,86,13554,2024-05-13
5322,1836,1055,106,14775,2024-03-05
5323,1133,1114,76,5232,2024-03-26
5324,1055,1131,40,5744,2024-02-03
5325,1510,711,19,8221,2024-02-25
5326,1670,533,47,5465,2024-03-15
5327,1410,1044,65,2440,2024-01-03
5328,1987,887,146,13803,2024-06-18
5329,1734,314,178,2461,2024-01-06
5330,2139,589,30,10803,2024-01-06
5331,1259,687,126,7413,2024-05-27
5332,2146,1043,66,13663,2024-05-28
5333,1299,450,5,7755,2024-01-02
5334,1561,771,93,7012,2024-03-30
5335,1297,915,97,5163,2024-02-25
5336,1362,515,170,8752,2024-04-05
5337,1589,439,94,2005,2024-01-10
5338,1127,434,106,6776,2024-03-27
5339,1197,503,133,9038,2024-03-10
5340,1221,807,178,8414,2024-05-30
5341,1995,1191,85,7739,2024-04-22
5342,1091,853,58,5970,2024-01-30
5343,1411,534,79,13050,2024-05-07
5344,1008,313,8,4606,2024-03-18
5345,1544,821,159,2098,2024-06-13
5346,1468,562,12,2525,2024-02-24
5347,1320,1057,149,8337,2024-02-18
5348,1269,1001,94,3180,2024-02-03
5349,1061,297,91,10067,2024-04-14
5350,1797,1158,33,11881,2024-06-20
5351,2119,1047,154,11330,2024-01-22
5352,1553,216,100,6491,2024-01-31
5353,1926,756,168,7922,2024-05-14
5354,1661,1154,15,5071,2024-04-14
5355,1716,576,114,7641,2024-05-28
5356,1779,942,129,13119,2024-01-16
5357,1194,590,11,9381,2024-01-20
5358,1482,820,55,4792,2024-02-12
5359,1855,417,2,6778,2024-06-20
5360,1498,599,65,2014,2024-02-16
5361,1212,460,172,4415,2024-04-23
5362,1665,1024,16,4685,2024-01-19
5363,1670,520,150,13092,2024-02-17
5364,1221,396,106,11428,2024-05-18
5365,1273,678,146,10159,2024-06-05
5366,2178,618,175,9926,2024-02-14
5367,1279,675,30,6100,2024-06-12
5368,1816,807,10,8374,2024-06-24
5369,1276,768,62,8004,2024-03-27
5370,2005,744,85,7521,2024-01-15
5371,1514,431,134,13412,2024-04-19
5372,2112,1084,67,11799,2024-06-20
5373,1923,721,41,13755,2024-04-05
5374,1642,903,171,9155,2024-06-16
5375,1505,1073,18,5297,2024-04-11
5376,1590,400,58,4633,2024-03-26
5377,1772,1046,60,5890,2024-05-21
5378,1740,873,88,14456,2024-03-21
5379,1675,799,27,13000,2024-02-20
5380,2014,221,68,2791,2024-04-21
5381,1128,511,22,11191,2024-01-15
5382,1503,788,152,2151,2024-03-05
5383,1902,1153,40,5063,2024-03-28
5384,1543,1098,109,8367,2024-03-16
5385,1492,853,74,14791,2024-01-10
5386,2045,838,66,9904,2024-02-11
5387,1714,963,168,4091,2024-04-04
5388,1791,1100,6,6599,2024-01-11
5389,1416,796,112,14274,2024-04-27
5390,1148,634,18,14218,2024-05-23
5391,1970,571,81,9408,2024-05-04
5392,1029,760,102,4977,2024-03-18
5393,1308,1091,110,2842,2024-05-26
5394,1162,278,30,14638,2024-06-07
5395,1869,742,122,5793,2024-03-30
5396,1852,485,149,12262,2024-01-08
5397,1061,848,62,3659,2024-05-31
5398,1125,340,138,10789,2024-05-15
5399,2095,753,120,7162,2024-04-20
5400,1838,1198,107,12705,2024-06-24
5401,1466,482,141,14327,2024-06-06
5402,1243,762,76,8446,2024-02-27
5403,1473,458,9,6270,2024-03-26
5404,1959,1023,39,5603,2024-02-24
5405,1533,560,24,8764,2024-05-01
5406,1494,640,125,3216,2024-04-17
5407,1899,470,118,4291,2024-02-17
5408,1082,334,34,5811,2024-05-11
5409,1856,946,61,6993,2024-06-13
5410,1879,840,169,7142,2024-05-15
5411,1923,304,133,8862,2024-05-08
5412,1012,966,79,11123,2024-02-16
5413,1449,295,50,12330,2024-01-05
5414,1762,1049,132,8533,2024-06-26
5415,2138,929,51,14194,2024-01-24
5416,1026,773,52,9526,2024-06-23
5417,1508,680,122,4978,2024-01-18
5418,1062,980,167,7347,2024-03-24
5419,1229,441,8,14084,2024-06-04
5420,1607,213,113,9933,2024-01-05
5421,2059,347,45,6595,2024-01-30
5422,1891,1140,88,13110,2024-01-01
5423,1761,952,28,12756,2024-03-26
5424,1595,801,119,8211,2024-03-22
5425,2049,295,107,11955,2024-06-22
5426,2056,1027,27,4170,2024-03-09
5427,2036,493,162,10527,2024-01-31
5428,1001,225,81,11368,2024-03-31
5429,2160,472,101,5021,2024-04-02
5430,1133,705,62,10970,2024-05-06
5431,1086,366,62,9836,2024-06-04
5432,1516,1139,166,3185,2024-01-16
5433,1175,962,26,5285,2024-02-23
5434,1763,287,121,5447,2024-05-19
5435,2045,854,24,5991,2024-01-20
5436,1997,846,39,12662,2024-03-22
5437,2129,1185,124,11130,2024-06-10
5438,1578,991,21,6899,2024-05-30
5439,1049,838,94,14198,2024-04-18
5440,1528,1028,175,3935,2024-06-03
5441,1145,691,115,10825,2024-04-22
5442,1762,1108,176,11445,2024-01-17
5443,2099,341,121,11274,2024-06-24
5444,1929,1068,13,12335,2024-05-28
5445,1794,303,131,3285,2024-06-26
5446,1319,426,160,10545,2024-06-16
5447,2111,1102,163,9479,2024-05-05
5448,1698,775,19,7255,2024-01-03
5449,1847,494,142,3885,2024-01-17
5450,1783,1096,176,12010,2024-02-19
5451,1042,506,81,7062,2024-05-01
5452,2117,454,123,9066,2024-03-30
5453,1529,380,68,12712,2024-03-27
5454,1292,240,173,14200,2024-01-06
5455,1969,976,19,5022,2024-06-04
5456,1097,901,64,12776,2024-02-24
5457,2119,720,101,7265,2024-06-21
5458,1074,816,66,3547,2024-05-26
5459,2092,937,66,14210,2024-04-11
5460,1758,746,75,6204,2024-01-29
5461,2101,436,45,9590,2024-05-30
5462,1208,663,87,3368,2024-04-20
5463,1410,428,67,13529,2024-06-08
5464,1331,900,3,3757,2024-01-10
5465,1344,1025,166,11709,2024-03-31
5466,1989,683,170,6917,2024-06-25
5467,1771,630,168,5484,2024-01-29
5468,1074,222,178,13877,2024-02-14
5469,1254,543,163,5052,2024-02-20
5470,1959,240,24,12888,2024-04-10
5471,1820,373,88,10382,2024-05-07
5472,1986,639,17,2932,2024-01-11
5473,1332,379,40,6237,2024-03-22
5474,1747,798,172,9240,2024-05-07
5475,1836,333,151,5238,2024-01-06
5476,1455,551,6,12407,2024-03-07
5477,2139,725,149,2565,2024-03-02
5478,1313,740,119,7378,2024-05-12
5479,2018,706,120,7558,2024-05-16
5480,1228,284,35,11326,2024-01-28
5481,1834,1193,113,2743,2024-02-07
5482,1858,664,29,10864,2024-02-12
5483,1818,1030,7,13103,2024-04-26
5484,2018,1061,53,10722,2024-05-28
5485,1528,543,165,7409,2024-02-15
5486,1950,480,23,13213,2024-06-14
5487,1427,1066,97,10753,2024-02-18
5488,1042,463,136,7629,2024-02-08
5489,1465,366,76,8318,2024-03-11
5490,1278,493,176,2301,2024-05-06
5491,1836,709,10,5767,2024-06-06
5492,1019,780,117,6280,2024-05-28
5493,1066,426,24,9506,2024-01-01
5494,1167,370,175,10701,2024-06-08
5495,2020,798,39,8962,2024-05-15
5496,1403,845,66,7429,2024-03-09
5497,1409,648,6,9248,2024-01-30
5498,1112,890,21,5445,2024-04-24
5499,1597,1055,73,4203,2024-01-08
5500,1651,702,74,4834,2024-04-22
5501,2063,964,36,10986,2024-01-19
5502,1105,727,131,4479,2024-02-28
5503,1324,935,170,11715,2024-06-06
5504,1992,579,173,6856,2024-03-19
5505,1429,401,44,12386,2024-02-05
5506,1635,819,91,12720,2024-02-24
5507,1730,450,161,2434,2024-02-13
5508,1889,1149,60,12230,2024-06-03
5509,2085,609,93,3706,2024-03-17
5510,1393,801,83,10260,2024-03-18
5511,1204,325,83,7725,2024-04-10
5512,1258,313,77,3904,2024-06-24
5513,1486,1181,26,9018,2024-01-30
5514,1446,337,21,5959,2024-02-08
5515,2024,959,120,13143,2024-01-13
5516,1342,696,130,8825,2024-05-01
5517,1133,878,175,8347,2024-05-23
5518,1443,350,108,14841,2024-06-20
5519,1253,1075,158,8156,2024-04-21
5520,1265,543,27,4713,2024-06-03
5521,1093,1145,71,13561,2024-02-14
5522,1138,780,148,8194,2024-04-28
5523,2002,933,50,14787,2024-02-04
5524,1307,983,95,8512,2024-06-04
5525,1266,521,23,8867,2024-01-07
5526,1646,1022,141,5727,2024-04-19
5527,1318,1126,81,12596,2024-04-23
5528,2137,1061,132,13517,2024-02-20
5529,1901,732,142,5546,2024-02-15
5530,1454,489,20,4303,2024-01-20
5531,1191,689,124,5681,2024-04-05
5532,1831,692,13,9852,2024-02-07
5533,2113,812,3,5221,2024-04-13
5534,1187,452,175,6374,2024-02-01
5535,1819,1182,131,3082,2024-06-02
5536,2021,277,129,10637,2024-02-27
5537,1132,847,90,3592,2024-06-15
5538,1872,592,152,7608,2024-05-27
5539,1635,612,35,7526,2024-03-22
5540,1691,373,14,7179,2024-02-19
5541,1692,1075,141,8472,2024-02-21
5542,2123,401,175,4775,2024-03-26
5543,2058,417,50,14008,2024-04-24
5544,1582,576,78,13245,2024-05-29
5545,1171,920,154,3590,2024-02-22
5546,1784,786,3,8004,2024-03-06
5547,2083,211,179,9230,2024-04-26
5548,1181,999,40,4231,2024-02-12
5549,1019,968,164,7118,2024-03-22
5550,2119,212,51,8454,2024-05-30
5551,1881,1092,1,9960,2024-03-04
5552,1175,1191,104,3561,2024-05-16
5553,1054,790,161,14464,2024-04-22
5554,1695,635,135,5646,2024-05-14
5555,1863,884,117,9596,2024-06-17
5556,1349,808,116,9240,2024-02-23
5557,1443,1018,52,6942,2024-03-05
5558,1833,573,120,5238,2024-01-02
5559,1580,473,139,3600,2024-05-11
5560,1282,1131,155,7700,2024-03-18
5561,1360,1097,142,8071,2024-02-01
5562,1915,1125,86,12248,2024-04-09
5563,1823,891,46,14523,2024-05-09
5564,1892,776,76,2709,2024-04-13
5565,1953,709,10,4971,2024-05-21
5566,1641,332,152,12924,2024-05-27
5567,2032,1055,61,2793,2024-03-29
5568,1563,1124,18,5099,2024-02-18
5569,1491,984,86,13047,2024-05-15
5570,1341,519,137,8030,2024-06-22
5571,1472,1044,145,7765,2024-05-28
5572,1249,1149,128,2026,2024-03-27
5573,1235,1053,104,8693,2024-06-08
5574,2107,821,141,13459,2024-01-08
5575,2117,985,178,7322,2024-04-10
5576,1824,368,101,10276,2024-01-16
5577,1632,597,6,7951,2024-02-09
5578,1529,380,85,5101,2024-04-15
5579,1122,258,51,8609,2024-01-27
5580,1892,680,36,11314,2024-04-13
5581,1010,1133,71,7309,2024-04-14
5582,1838,791,100,2011,2024-05-25
5583,1753,660,25,9770,2024-02-04
5584,1886,261,139,11940,2024-04-22
5585,1464,569,44,13301,2024-02-21
5586,1712,321,14,12068,2024-05-22
5587,1728,919,29,12811,2024-02-22
5588,1717,746,74,7413,2024-03-31
5589,1080,782,50,7774,2024-03-21
5590,1480,217,5,2179,2024-04-13
5591,1902,696,110,2796,2024-03-06
5592,1891,697,122,9279,2024-04-22
5593,1018,705,88,14005,2024-01-31
5594,2189,732,57,9188,2024-03-01
5595,1202,1169,26,9312,2024-04-10
5596,1741,515,6,4024,2024-04-14
5597,1319,269,144,9666,2024-04-07
5598,1217,927,60,5217,2024-02-03
5599,2058,361,100,8584,2024-02-28
5600,1266,814,12,11078,2024-01-03
5601,1724,1088,75,12660,2024-01-17
5602,1775,918,3,13579,2024-03-18
5603,2104,345,63,7285,2024-02-15
5604,1413,769,134,9370,2024-06-14
5605,2036,795,19,3519,2024-02-04
5606,1401,1193,18,8611,2024-05-08
5607,1724,585,80,8856,2024-04-21
5608,1282,469,171,4432,2024-06-05
5609,2136,1123,73,8457,2024-05-11
5610,1723,654,131,6866,2024-03-01
5611,1751,899,126,7054,2024-04-06
5612,1268,718,72,11108,2024-05-24
5613,1298,1065,38,4070,2024-06-04
5614,1570,550,68,14168,2024-06-26
5615,1509,310,172,3781,2024-03-30
5616,1546,683,80,10530,2024-05-15
5617,1775,607,42,3516,2024-06-10
5618,1365,850,64,13062,2024-02-28
5619,1547,251,78,13774,2024-01-18
5620,1271,603,127,7491,2024-04-04
5621,1739,763,105,11106,2024-06-03
5622,1537,676,76,7949,2024-01-16
5623,1059,287,165,5290,2024-01-10
5624,1086,268,132,6570,2024-04-13
5625,1763,796,130,11638,2024-03-16
5626,1390,1179,122,3379,2024-05-29
5627,1719,242,44,11675,2024-01-16
5628,1856,931,102,9670,2024-01-12
5629,1149,257,62,12266,2024-03-15
5630,1583,938,1,2800,2024-06-27
5631,1121,396,17,11438,2024-05-08
5632,1765,960,16,12929,2024-01-27
5633,1605,878,9,7267,2024-01-12
5634,1256,262,59,5495,2024-01-30
5635,1766,463,119,5257,2024-01-09
5636,1864,312,137,8558,2024-02-22
5637,1800,965,140,14069,2024-02-23
5638,1059,911,119,2981,2024-06-13
5639,2022,378,41,12668,2024-06-18
5640,2093,1148,143,4088,2024-02-18
5641,1388,226,66,4952,2024-01-04
5642,2110,610,75,11203,2024-03-19
5643,1786,958,11,13656,2024-06-27
5644,1593,731,8,12942,2024-03-31
5645,1909,977,134,4126,2024-03-19
5646,1566,517,148,6812,2024-06-07
5647,1399,732,167,10063,2024-04-12
5648,1899,306,99,5861,2024-04-20
5649,1293,949,72,7903,2024-02-27
5650,1485,1018,113,4591,2024-03-22
5651,1803,664,107,11665,2024-05-11
5652,1890,446,34,12713,2024-01-22
5653,1244,281,57,11357,2024-05-10
5654,1960,862,117,5322,2024-03-19
5655,2178,1109,120,8437,2024-04-08
5656,1816,596,147,10801,2024-06-23
5657,1273,722,71,12375,2024-02-07
5658,1520,1033,159,12723,2024-06-09
5659,2152,936,40,4861,2024-06-24
5660,1568,1126,142,14842,2024-04-26
5661,1638,464,103,3655,2024-01-26
5662,1159,861,124,3755,2024-05-15
5663,1652,990,123,10237,2024-02-19
5664,1176,474,100,11451,2024-02-07
5665,1620,906,165,8227,2024-05-17
5666,1211,1144,172,6638,2024-02-11
5667,1447,372,137,13424,2024-02-06
5668,1586,465,58,11643,2024-06-02
5669,1167,1163,148,12310,2024-05-19
5670,1460,1022,109,4567,2024-02-18
5671,1916,226,121,12184,2024-05-21
5672,2053,669,92,5123,2024-02-15
5673,1714,1062,50,7164,2024-06-11
5674,2117,676,148,12532,2024-01-29
5675,1841,556,105,9081,2024-01-12
5676,1868,226,164,6907,2024-04-25
5677,1688,234,117,11680,2024-03-22
5678,1330,464,27,11765,2024-02-13
5679,1095,338,32,6962,2024-01-02
5680,1785,1016,1,12619,2024-01-17
5681,1649,895,17,9150,2024-05-17
5682,1353,1075,137,3766,2024-01-18
5683,1930,954,84,5549,2024-01-22
5684,1941,766,45,4309,2024-03-23
5685,1984,662,66,14867,2024-02-27
5686,2043,368,32,12596,2024-02-22
5687,1646,831,45,11634,2024-01-01
5688,1626,855,9,14985,2024-03-01
5689,1139,281,30,3976,2024-06-07
5690,1716,957,84,14165,2024-01-31
5691,1762,1114,166,9180,2024-03-06
5692,1255,1064,60,4490,2024-05-26
5693,2109,1070,1,10917,2024-02-22
5694,1676,607,5,13995,2024-04-04
5695,1092,774,63,6381,2024-05-29
5696,2093,246,164,14019,2024-01-23
5697,1037,799,65,7987,2024-05-22
5698,1140,811,78,9425,2024-06-02
5699,1867,1007,152,14857,2024-05-10
5700,1680,1111,132,5619,2024-03-27
5701,1137,253,114,13079,2024-05-27
5702,1190,1184,25,8060,2024-05-04
5703,1342,904,135,10689,2024-04-18
5704,2029,1159,141,5976,2024-02-09
5705,1972,676,43,2704,2024-04-30
5706,1662,792,57,7452,2024-02-08
5707,1243,216,164,14849,2024-04-29
5708,1415,560,142,8094,2024-01-18
5709,1707,687,72,14319,2024-06-17
5710,1343,1038,27,5681,2024-06-03
5711,1682,906,128,6138,2024-05-22
5712,1653,702,106,3916,2024-02-06
5713,1146,341,165,11566,2024-01-05
5714,1323,820,71,9501,2024-03-13
5715,1122,1015,153,3845,2024-05-14
5716,1311,977,67,6654,2024-02-10
5717,1601,647,90,8413,2024-01-10
5718,1475,490,4,10111,2024-06-02
5719,1570,409,106,9990,2024-03-08
5720,1575,675,79,11628,2024-01-24
5721,1347,613,96,5090,2024-03-18
5722,1820,877,93,3370,2024-06-17
5723,1382,627,74,3928,2024-05-24
5724,1072,1054,126,3636,2024-04-18
5725,1521,571,16,8180,2024-01-24
5726,1933,1032,147,10283,2024-06-03
5727,2118,864,157,3843,2024-01-07
5728,1339,1167,116,10376,2024-03-13
5729,1664,490,179,11763,2024-04-16
5730,1040,632,18,2831,2024-04-08
5731,1574,468,172,14632,2024-05-01
5732,1966,351,16,7538,2024-01-12
5733,1581,919,130,7315,2024-03-25
5734,1170,455,56,12317,2024-01-03
5735,1701,553,79,14454,2024-03-19
5736,1511,577,103,10455,2024-03-25
5737,1584,853,28,7327,2024-01-10
5738,1984,1055,5,3286,2024-02-02
5739,1459,558,106,3529,2024-02-15
5740,1529,808,22,12000,2024-02-28
5741,1341,1141,117,8655,2024-02-21
5742,1057,570,100,3877,2024-01-06
5743,1218,427,13,11941,2024-05-09
5744,1619,905,65,12101,2024-01-29
5745,1816,503,144,12815,2024-04-28
5746,1731,1026,86,7431,2024-06-16
5747,1464,589,64,11389,2024-04-06
5748,1247,577,32,4478,2024-03-08
5749,1730,1173,80,12702,2024-06-05
5750,1373,318,51,2100,2024-02-29
5751,1417,205,79,5087,2024-05-03
5752,2055,644,174,7828,2024-03-24
5753,1368,552,106,9425,2024-02-10
5754,1559,955,63,12111,2024-04-22
5755,1108,733,76,4291,2024-03-05
5756,1584,864,60,7467,2024-03-19
5757,1839,840,65,13512,2024-03-03
5758,1418,324,117,10296,2024-06-24
5759,1821,858,81,2693,2024-05-27
5760,1683,477,105,7786,2024-04-27
5761,2140,1022,128,7406,2024-02-06
5762,1256,594,71,13432,2024-03-04
5763,2105,864,86,5491,2024-03-26
5764,1780,560,154,5392,2024-05-12
5765,2152,823,140,4268,2024-02-03
5766,1838,669,71,7632,2024-02-08
5767,1915,1185,46,5783,2024-03-07
5768,1235,828,47,13704,2024-03-02
5769,1553,900,79,11081,2024-03-28
5770,1181,257,166,7973,2024-05-31
5771,1157,451,149,7969,2024-05-10
5772,1571,1096,142,10981,2024-04-18
5773,1857,1119,130,6648,2024-03-29
5774,2048,350,127,6939,2024-03-07
5775,1948,652,109,10850,2024-03-19
5776,1592,362,119,10024,2024-06-26
5777,1134,320,101,9857,2024-01-29
5778,1421,782,161,3018,2024-03-14
5779,1213,1124,6,3953,2024-02-01
5780,1900,551,126,11382,2024-03-27
5781,1482,299,103,13898,2024-02-08
5782,1348,367,37,5657,2024-05-16
5783,1166,1010,142,6846,2024-04-10
5784,1937,863,37,4296,2024-05-21
5785,1348,1038,8,2774,2024-03-08
5786,1849,1176,77,4811,2024-05-27
5787,1398,714,141,11572,2024-01-28
5788,1583,864,40,5182,2024-01-14
5789,1726,601,107,14979,2024-06-20
5790,1308,565,92,9867,2024-03-17
5791,1991,777,18,6329,2024-04-25
5792,1798,526,57,8167,2024-06-15
5793,1719,781,83,5097,2024-01-28
5794,1466,833,166,3404,2024-03-29
5795,1099,821,32,13993,2024-02-01
5796,1158,1028,25,7101,2024-05-16
5797,1610,447,33,3369,2024-06-04
5798,1554,634,88,7497,2024-04-04
5799,1651,293,158,8665,2024-01-17
5800,1920,468,104,4064,2024-04-26
5801,1227,815,34,12484,2024-03-17
5802,1423,1143,102,4765,2024-02-24
5803,2096,1163,127,4817,2024-01-10
5804,1243,824,69,9791,2024-03-20
5805,1530,521,176,2716,2024-05-13
5806,2069,1123,40,6040,2024-06-24
5807,1371,1016,179,3711,2024-04-25
5808,1652,1056,80,11417,2024-06-17
5809,1689,262,141,7367,2024-03-19
5810,1734,500,31,8261,2024-02-29
5811,1092,603,116,2008,2024-02-11
5812,2046,1155,167,10789,2024-04-25
5813,1172,848,63,6118,2024-04-18
5814,2101,767,48,8086,2024-03-11
5815,1179,820,87,8383,2024-06-04
5816,1238,503,48,11800,2024-04-11
5817,2159,970,61,13223,2024-01-13
5818,1877,453,140,5667,2024-01-15
5819,1902,934,78,4246,2024-02-05
5820,1280,678,18,5626,2024-01-15
5821,2043,569,155,14263,2024-04-26
5822,1740,879,28,4822,2024-03-15
5823,1371,1141,80,10283,2024-02-25
5824,2136,360,16,2850,2024-04-04
5825,1870,1161,77,3107,2024-05-11
5826,2019,366,137,2299,2024-02-21
5827,1221,405,26,10102,2024-05-17
5828,1920,467,28,12535,2024-06-21
5829,1304,338,105,11669,2024-03-24
5830,1438,568,77,7400,2024-01-29
5831,2194,643,164,3082,2024-02-22
5832,1375,1058,9,13148,2024-06-05
5833,1381,960,175,13110,2024-05-30
5834,1986,767,51,10167,2024-06-26
5835,1014,1116,76,11557,2024-01-21
5836,1743,921,122,4800,2024-04-21
5837,1669,217,32,13728,2024-06-19
5838,1500,268,57,5951,2024-05-17
5839,1565,333,54,12301,2024-03-16
5840,1530,900,116,10967,2024-01-30
5841,1492,1119,144,8768,2024-05-04
5842,1755,630,62,3452,2024-02-20
5843,1300,508,84,3681,2024-06-09
5844,1815,850,56,4303,2024-05-25
5845,1547,374,23,9157,2024-03-18
5846,1727,612,17,3851,2024-01-22
5847,1731,297,166,3897,2024-03-04
5848,1828,883,158,7825,2024-01-21
5849,1602,354,78,13610,2024-05-08
5850,2032,895,22,13789,2024-04-16
5851,1768,442,108,11519,2024-04-25
5852,1875,504,17,10806,2024-05-03
5853,1937,485,15,2244,2024-05-22
5854,1131,227,114,10948,2024-02-05
5855,1608,602,48,11015,2024-02-16
5856,1026,560,160,13019,2024-02-01
5857,1635,260,113,5807,2024-06-22
5858,1484,402,168,4779,2024-02-23
5859,1680,962,97,3846,2024-06-09
5860,2075,1074,91,9021,2024-06-15
5861,1005,781,16,11432,2024-01-23
5862,1589,1170,156,14803,2024-06-19
5863,2184,570,98,2473,2024-01-02
5864,1208,733,111,6131,2024-06-14
5865,1257,352,1,13441,2024-06-05
5866,1011,302,41,3792,2024-04-19
5867,1949,1099,48,3734,2024-05-03
5868,1008,1200,159,9215,2024-03-07
5869,1936,807,164,9229,2024-03-11
5870,1032,646,108,7188,2024-06-12
5871,1540,1073,161,14134,2024-01-29
5872,2005,429,161,7281,2024-04-28
5873,1387,325,103,7858,2024-06-13
5874,1640,970,128,2944,2024-04-22
5875,1207,1034,151,3511,2024-02-14
5876,1557,1199,30,6081,2024-01-16
5877,1348,1081,45,14718,2024-01-31
5878,1793,1138,80,8118,2024-06-10
5879,1234,436,39,2858,2024-02-19
5880,2068,362,45,5560,2024-05-01
5881,2006,754,78,10421,2024-06-19
5882,1737,988,81,12609,2024-01-15
5883,1942,553,140,10369,2024-06-24
5884,2166,268,93,14120,2024-02-18
5885,1176,373,32,4615,2024-06-20
5886,1449,1043,24,3613,2024-01-10
5887,1592,837,116,4840,2024-01-20
5888,1082,882,13,13139,2024-03-10
5889,1135,759,148,3774,2024-01-08
5890,1856,461,79,5871,2024-06-21
5891,2165,417,56,10273,2024-02-03
5892,1440,1017,53,2845,2024-06-27
5893,2080,324,68,13001,2024-01-04
5894,1697,1005,34,11408,2024-04-17
5895,1419,362,28,14905,2024-06-15
5896,1088,401,50,5260,2024-01-24
5897,1656,654,130,5145,2024-02-24
5898,2032,602,111,9802,2024-01-26
5899,1215,662,94,4263,2024-01-25
5900,1552,475,154,12529,2024-02-05
5901,1503,406,179,10636,2024-03-11
5902,1699,240,47,10155,2024-01-12
5903,1245,473,26,2922,2024-05-08
5904,1309,900,84,8695,2024-04-25
5905,1231,1067,106,6288,2024-06-26
5906,1155,293,92,7758,2024-06-01
5907,2199,242,120,14576,2024-05-12
5908,1848,665,75,10131,2024-03-23
5909,1115,579,122,4630,2024-01-06
5910,1311,307,151,9816,2024-01-26
5911,1993,528,165,11359,2024-04-22
5912,1300,265,41,9556,2024-04-12
5913,2042,565,52,14155,2024-04-29
5914,1784,1021,82,7930,2024-06-15
5915,1012,684,177,13633,2024-01-09
5916,1232,847,155,9000,2024-02-14
5917,1955,1101,134,5512,2024-01-14
5918,1730,224,74,8066,2024-04-21
5919,2018,740,66,11087,2024-02-24
5920,1999,262,24,5722,2024-05-16
5921,1303,691,166,7648,2024-01-15
5922,1541,473,28,4060,2024-02-06
5923,1470,429,156,5034,2024-06-26
5924,1813,220,117,4387,2024-05-06
5925,1077,203,114,9008,2024-04-26
5926,2020,621,61,12089,2024-03-24
5927,1024,930,174,10031,2024-03-12
5928,2039,1111,69,3799,2024-04-05
5929,1676,507,114,6407,2024-04-20
5930,1525,632,75,4780,2024-05-28
5931,1347,336,171,3127,2024-04-14
5932,1172,1109,59,10530,2024-05-26
5933,1712,1144,130,9365,2024-02-27
5934,1489,715,15,9611,2024-04-04
5935,1378,393,105,14646,2024-04-27
5936,2188,785,165,9535,2024-01-06
5937,1372,615,148,11364,2024-01-04
5938,2000,1073,98,4808,2024-02-12
5939,1977,318,35,13221,2024-04-02
5940,1757,866,162,12281,2024-02-11
5941,1477,409,31,6297,2024-01-03
5942,1382,1152,127,13209,2024-05-08
5943,1155,234,19,6559,2024-01-15
5944,1257,849,24,2448,2024-02-16
5945,1674,518,84,7008,2024-03-25
5946,1068,320,167,6893,2024-06-22
5947,1344,827,92,2793,2024-02-27
5948,1673,725,167,2436,2024-02-08
5949,1391,781,145,8012,2024-05-10
5950,1259,1137,147,7869,2024-06-06
5951,1307,1045,118,14818,2024-02-04
5952,2119,969,176,14852,2024-06-05
5953,1950,289,163,3620,2024-06-26
5954,1970,712,160,13693,2024-02-21
5955,1246,247,175,13111,2024-04-27
5956,1733,972,47,6308,2024-01-14
5957,1187,940,174,2948,2024-06-11
5958,1925,1159,103,5944,2024-06-04
5959,1785,892,121,11319,2024-01-30
5960,1408,722,163,2191,2024-03-30
5961,2149,484,94,14204,2024-05-14
5962,1341,577,145,13952,2024-06-15
5963,1563,838,42,13922,2024-04-04
5964,1651,334,111,3403,2024-03-09
5965,1952,867,29,3990,2024-06-11
5966,2194,448,124,3104,2024-05-06
5967,2063,852,17,14992,2024-02-21
5968,1069,518,14,2548,2024-05-21
5969,1381,636,152,13640,2024-03-03
5970,1057,376,50,12053,2024-02-05
5971,1850,1035,57,14441,2024-03-31
5972,2123,886,104,7761,2024-05-31
5973,1916,1193,39,10762,2024-06-16
5974,1325,786,96,9903,2024-06-05
5975,1461,551,36,3784,2024-02-22
5976,1179,343,114,12479,2024-04-18
5977,1844,1167,37,12613,2024-05-29
5978,1574,1004,14,14164,2024-03-12
5979,1119,598,155,2804,2024-01-15
5980,1549,824,123,10990,2024-04-22
5981,1646,918,83,13467,2024-03-09
5982,1026,843,159,10802,2024-04-25
5983,2032,569,73,9517,2024-01-04
5984,1969,701,102,8831,2024-03-15
5985,1533,822,81,8917,2024-05-25
5986,1149,570,83,11998,2024-02-11
5987,2049,779,44,6238,2024-01-30
5988,1655,582,68,5260,2024-05-22
5989,1945,286,48,6367,2024-03-10
5990,1555,987,57,7651,2024-01-16
5991,1425,939,75,5371,2024-04-20
5992,1293,660,22,12665,2024-04-13
5993,1554,1150,132,4093,2024-04-16
5994,1431,525,46,12334,2024-05-02
5995,1604,722,162,6001,2024-06-10
5996,1317,689,11,8556,2024-01-27
5997,1398,1129,31,9810,2024-01-13
5998,1596,597,139,13272,2024-06-03
5999,1546,1096,120,6554,2024-03-13
6000,1076,555,56,11624,2024-03-26
6001,1865,1147,38,4517,2024-01-31
6002,1916,488,21,13049,2024-01-03
6003,1709,659,110,10697,2024-01-30
6004,1486,824,94,7805,2024-05-28
6005,2112,1198,138,3096,2024-04-08
6006,1747,736,154,14371,2024-05-13
6007,2031,491,136,14346,2024-06-08
6008,1550,1051,8,11236,2024-06-18
6009,1976,1038,72,9061,2024-06-08
6010,2076,368,119,4204,2024-04-08
6011,1942,1150,34,5902,2024-03-26
6012,1919,821,144,3352,2024-06-15
6013,2167,628,105,3596,2024-03-04
6014,1363,902,141,10767,2024-04-27
6015,1382,690,87,8980,2024-06-06
6016,1271,555,150,2679,2024-04-23
6017,2038,396,155,14490,2024-06-07
6018,1298,745,64,5712,2024-03-27
6019,2004,917,2,14020,2024-02-09
6020,1234,1024,109,11321,2024-06-09
6021,1575,1132,26,14096,2024-01-25
6022,1027,894,83,13385,2024-06-12
6023,1093,859,107,10509,2024-05-31
6024,1617,1139,69,7301,2024-04-04
6025,1309,980,97,7734,2024-06-15
6026,1052,211,30,9981,2024-02-15
6027,1319,782,8,7892,2024-05-17
6028,1181,456,38,5696,2024-02-01
6029,2144,596,81,14693,2024-04-06
6030,1875,931,108,9129,2024-06-12
6031,2067,1009,65,4996,2024-06-04
6032,1647,609,67,9237,2024-05-23
6033,1197,562,174,9327,2024-01-16
6034,1645,459,90,9407,2024-01-18
6035,1971,203,95,13786,2024-05-15
6036,1255,284,72,13401,2024-03-15
6037,1732,356,43,4542,2024-01-01
6038,1336,863,46,2678,2024-05-04
6039,1990,376,125,7366,2024-02-07
6040,1900,907,163,12081,2024-02-14
6041,1514,1138,39,7643,2024-03-21
6042,1242,672,51,9410,2024-05-08
6043,1149,819,4,11835,2024-02-01
6044,1757,624,121,7541,2024-05-15
6045,1620,334,80,2834,2024-04-27
6046,1453,988,77,12433,2024-02-09
6047,1212,1107,179,12547,2024-03-14
6048,1668,1064,133,11860,2024-04-20
6049,1594,580,55,8026,2024-04-12
6050,1131,867,20,12745,2024-04-12
6051,1612,477,152,10472,2024-03-14
6052,1256,436,164,9970,2024-06-12
6053,1561,952,34,8818,2024-04-23
6054,1063,1082,122,7028,2024-05-02
6055,1407,213,109,12954,2024-02-26
6056,1802,542,126,6703,2024-03-14
6057,2129,235,54,14770,2024-03-23
6058,1015,759,162,11438,2024-06-21
6059,1259,414,145,3772,2024-03-19
6060,1723,612,133,4164,2024-05-09
6061,1614,605,89,9111,2024-04-02
6062,2069,694,146,10383,2024-02-19
6063,1813,858,53,4835,2024-01-29
6064,1331,359,50,4665,2024-03-21
6065,1165,1156,72,8113,2024-01-10
6066,2089,837,173,4563,2024-06-03
6067,1387,310,141,10498,2024-04-26
6068,2054,749,16,10131,2024-05-22
6069,1328,989,13,10723,2024-02-29
6070,1320,726,20,14409,2024-06-07
6071,1399,1185,66,4696,2024-05-28
6072,1105,547,47,6687,2024-02-29
6073,1696,944,147,9321,2024-02-27
6074,2017,1028,173,9013,2024-06-17
6075,1330,836,165,9704,2024-06-22
6076,1660,479,122,7571,2024-02-14
6077,2071,679,54,9336,2024-05-03
6078,1599,311,6,2058,2024-01-26
6079,1821,836,14,11765,2024-04-11
6080,1641,1125,132,3140,2024-02-20
6081,1314,631,86,12002,2024-06-12
6082,2171,742,162,13390,2024-02-21
6083,1462,315,27,13668,2024-02-20
6084,1486,290,7,14686,2024-05-10
6085,1410,412,131,4562,2024-01-14
6086,1027,750,175,4852,2024-06-25
6087,2053,795,2,8641,2024-01-01
6088,1271,739,80,2941,2024-05-24
6089,1686,929,153,14815,2024-06-26
6090,1501,560,60,8541,2024-01-14
6091,1385,686,24,11966,2024-03-21
6092,1060,572,15,9430,2024-01-03
6093,2131,415,95,3421,2024-04-07
6094,1220,933,142,7765,2024-02-09
6095,1771,215,134,2435,2024-03-29
6096,1564,1155,81,2839,2024-05-04
6097,1546,459,18,6001,2024-06-10
6098,1096,978,20,14647,2024-04-04
6099,1989,663,115,7248,2024-01-09
6100,2113,320,40,6959,2024-04-03
6101,1828,1176,39,12873,2024-03-24
6102,1231,1113,32,3650,2024-01-21
6103,1968,328,124,7828,2024-01-25
6104,1275,923,108,11437,2024-04-11
6105,1246,723,27,4261,2024-05-01
6106,1111,888,110,11107,2024-06-20
6107,1234,845,97,12831,2024-01-25
6108,1417,525,74,7894,2024-05-16
6109,1678,520,17,8278,2024-04-12
6110,2152,706,49,5889,2024-06-02
6111,1803,726,81,8897,2024-02-26
6112,1619,250,116,14673,2024-02-06
6113,2152,1122,23,3326,2024-01-16
6114,1707,784,98,7901,2024-02-06
6115,1851,269,72,5358,2024-03-16
6116,1475,591,141,3585,2024-05-31
6117,1655,583,151,13560,2024-01-26
6118,1395,216,57,7645,2024-01-20
6119,1111,639,148,2388,2024-05-16
6120,1090,1046,86,4791,2024-04-12
6121,1763,1069,23,5332,2024-01-29
6122,2125,768,105,2703,2024-01-31
6123,1132,817,163,7834,2024-01-19
6124,2037,332,67,4820,2024-05-27
6125,1457,1196,34,10053,2024-01-27
6126,1098,760,33,6959,2024-04-03
6127,2144,448,46,3059,2024-03-25
6128,1293,473,81,14366,2024-02-13
6129,2025,823,173,11490,2024-06-11
6130,1572,1132,147,3301,2024-04-22
6131,1250,1038,87,10865,2024-05-29
6132,1652,1048,15,12551,2024-03-14
6133,1149,549,123,9696,2024-03-27
6134,1044,684,121,6299,2024-05-22
6135,2068,750,78,8071,2024-04-03
6136,2102,557,66,6112,2024-04-07
6137,1162,952,39,9881,2024-05-20
6138,1253,518,18,14763,2024-05-11
6139,1132,833,160,13774,2024-02-25
6140,1474,248,21,11208,2024-05-30
6141,2133,210,168,10401,2024-04-06
6142,1706,433,27,2498,2024-04-07
6143,2059,236,2,10620,2024-02-03
6144,1275,613,97,9245,2024-04-09
6145,1187,662,39,13831,2024-05-24
6146,1949,204,56,13343,2024-06-04
6147,1243,244,107,4105,2024-01-14
6148,1264,768,127,11745,2024-06-10
6149,1522,754,13,7327,2024-04-21
6150,1963,455,126,7630,2024-03-15
6151,1783,940,56,5206,2024-04-06
6152,2111,314,28,9137,2024-04-30
6153,1535,949,64,4569,2024-02-24
6154,1210,597,71,4628,2024-04-26
6155,1046,374,169,12068,2024-04-02
6156,1026,455,119,8764,2024-02-06
6157,1175,666,100,3067,2024-01-26
6158,1322,1129,41,3506,2024-03-07
6159,2159,477,4,5013,2024-03-24
6160,1055,664,158,11859,2024-06-28
6161,2180,1047,88,14780,2024-01-18
6162,1668,702,84,8642,2024-01-27
6163,1147,641,46,14892,2024-01-31
6164,1599,269,159,6066,2024-04-15
6165,1020,709,88,2947,2024-05-08
6166,1333,526,7,6389,2024-01-06
6167,1907,942,77,10143,2024-01-11
6168,1944,267,136,3171,2024-06-10
6169,1911,504,172,8114,2024-01-18
6170,1401,1172,141,2171,2024-01-21
6171,1950,684,93,7682,2024-01-19
6172,1028,1129,20,14818,2024-01-04
6173,1467,748,78,11335,2024-03-17
6174,1982,617,160,12051,2024-04-25
6175,1101,359,178,7856,2024-06-05
6176,1551,349,27,8209,2024-01-25
6177,1802,227,120,12380,2024-03-17
6178,1353,1187,25,12685,2024-06-03
6179,1296,784,52,5577,2024-02-18
6180,1353,448,21,10380,2024-03-05
6181,1908,301,18,6076,2024-06-14
6182,2154,902,39,2157,2024-03-23
6183,2019,296,15,9777,2024-06-28
6184,2180,584,53,4717,2024-01-01
6185,2098,482,38,12162,2024-06-16
6186,2114,522,176,10437,2024-03-21
6187,1455,596,52,13095,2024-01-21
6188,1712,478,72,4795,2024-03-26
6189,1980,729,28,9200,2024-01-15
6190,1739,463,144,9528,2024-02-19
6191,1977,819,118,14016,2024-02-17
6192,1233,780,144,4377,2024-06-08
6193,2024,840,35,11041,2024-02-18
6194,1102,493,145,3810,2024-04-17
6195,1953,494,99,7190,2024-02-14
6196,1481,808,52,7432,2024-02-01
6197,1108,595,140,14178,2024-05-11
6198,2189,713,83,9895,2024-04-06
6199,1973,1121,48,4126,2024-03-20
6200,1704,1010,22,14456,2024-05-25
